TSDate,serieNames,sales
2013-07-01,serie_1,3132.0
2013-07-01,serie_2,1655.0
2013-07-02,serie_1,1970.0
2013-07-02,serie_2,973.0
2013-07-03,serie_1,1782.0
2013-07-03,serie_2,970.0
2013-07-04,serie_1,1916.0
2013-07-04,serie_2,993.0
2013-07-05,serie_1,1237.0
2013-07-05,serie_2,636.0
2013-07-06,serie_1,168.0
2013-07-06,serie_2,87.0
2013-07-07,serie_1,159.0
2013-07-07,serie_2,134.0
2013-07-08,serie_1,3088.0
2013-07-08,serie_2,1585.0
2013-07-09,serie_1,1829.0
2013-07-09,serie_2,986.0
2013-07-10,serie_1,1625.0
2013-07-10,serie_2,832.0
2013-07-11,serie_1,1838.0
2013-07-11,serie_2,955.0
2013-07-12,serie_1,1250.0
2013-07-12,serie_2,660.0
2013-07-13,serie_1,42.0
2013-07-13,serie_2,26.0
2013-07-14,serie_1,395.0
2013-07-14,serie_2,209.0
2013-07-15,serie_1,2805.0
2013-07-15,serie_2,1418.0
2013-07-16,serie_1,1734.0
2013-07-16,serie_2,888.0
2013-07-17,serie_1,1565.0
2013-07-17,serie_2,764.0
2013-07-18,serie_1,1715.0
2013-07-18,serie_2,881.0
2013-07-19,serie_1,1149.0
2013-07-19,serie_2,599.0
2013-07-20,serie_1,61.0
2013-07-20,serie_2,30.0
2013-07-21,serie_1,285.0
2013-07-21,serie_2,137.0
2013-07-22,serie_1,2775.0
2013-07-22,serie_2,1386.0
2013-07-23,serie_1,1644.0
2013-07-23,serie_2,788.0
2013-07-24,serie_1,1457.0
2013-07-24,serie_2,693.0
2013-07-25,serie_1,1718.0
2013-07-25,serie_2,813.0
2013-07-26,serie_1,1217.0
2013-07-26,serie_2,531.0
2013-07-27,serie_1,246.0
2013-07-27,serie_2,65.0
2013-07-28,serie_1,248.0
2013-07-28,serie_2,107.0
2013-07-29,serie_1,2731.0
2013-07-29,serie_2,1267.0
2013-07-30,serie_1,1800.0
2013-07-30,serie_2,840.0
2013-07-31,serie_1,1868.0
2013-07-31,serie_2,782.0
2013-08-01,serie_1,1706.0
2013-08-01,serie_2,883.0
2013-08-02,serie_1,830.0
2013-08-02,serie_2,569.0
2013-08-03,serie_1,120.0
2013-08-03,serie_2,73.0
2013-08-04,serie_1,193.0
2013-08-04,serie_2,52.0
2013-08-05,serie_1,3278.0
2013-08-05,serie_2,1443.0
2013-08-06,serie_1,1977.0
2013-08-06,serie_2,863.0
2013-08-07,serie_1,1628.0
2013-08-07,serie_2,759.0
2013-08-08,serie_1,1940.0
2013-08-08,serie_2,912.0
2013-08-09,serie_1,1306.0
2013-08-09,serie_2,593.0
2013-08-10,serie_1,175.0
2013-08-10,serie_2,83.0
2013-08-11,serie_1,225.0
2013-08-11,serie_2,121.0
2013-08-12,serie_1,2979.0
2013-08-12,serie_2,1342.0
2013-08-13,serie_1,1978.0
2013-08-13,serie_2,891.0
2013-08-14,serie_1,1736.0
2013-08-14,serie_2,826.0
2013-08-15,serie_1,1635.0
2013-08-15,serie_2,795.0
2013-08-16,serie_1,1355.0
2013-08-16,serie_2,592.0
2013-08-17,serie_1,57.0
2013-08-17,serie_2,57.0
2013-08-18,serie_1,93.0
2013-08-18,serie_2,68.0
2013-08-19,serie_1,3156.0
2013-08-19,serie_2,1407.0
2013-08-20,serie_1,2064.0
2013-08-20,serie_2,940.0
2013-08-21,serie_1,1641.0
2013-08-21,serie_2,748.0
2013-08-22,serie_1,2003.0
2013-08-22,serie_2,856.0
2013-08-23,serie_1,1284.0
2013-08-23,serie_2,572.0
2013-08-24,serie_1,155.0
2013-08-24,serie_2,100.0
2013-08-25,serie_1,-135.0
2013-08-25,serie_2,-73.0
2013-08-26,serie_1,3302.0
2013-08-26,serie_2,1493.0
2013-08-27,serie_1,2118.0
2013-08-27,serie_2,944.0
2013-08-28,serie_1,1792.0
2013-08-28,serie_2,794.0
2013-08-29,serie_1,2149.0
2013-08-29,serie_2,990.0
2013-08-30,serie_1,1425.0
2013-08-30,serie_2,660.0
2013-08-31,serie_1,83.0
2013-08-31,serie_2,37.0
2013-09-01,serie_1,83.0
2013-09-01,serie_2,57.0
2013-09-02,serie_1,3537.0
2013-09-02,serie_2,1593.0
2013-09-03,serie_1,2219.0
2013-09-03,serie_2,957.0
2013-09-04,serie_1,1837.0
2013-09-04,serie_2,831.0
2013-09-05,serie_1,2043.0
2013-09-05,serie_2,951.0
2013-09-06,serie_1,1395.0
2013-09-06,serie_2,633.0
2013-09-07,serie_1,70.0
2013-09-07,serie_2,38.0
2013-09-08,serie_1,155.0
2013-09-08,serie_2,106.0
2013-09-09,serie_1,3404.0
2013-09-09,serie_2,1535.0
2013-09-10,serie_1,2174.0
2013-09-10,serie_2,959.0
2013-09-11,serie_1,1771.0
2013-09-11,serie_2,774.0
2013-09-12,serie_1,2016.0
2013-09-12,serie_2,897.0
2013-09-13,serie_1,1329.0
2013-09-13,serie_2,619.0
2013-09-14,serie_1,148.0
2013-09-14,serie_2,39.0
2013-09-15,serie_1,99.0
2013-09-15,serie_2,58.0
2013-09-16,serie_1,3334.0
2013-09-16,serie_2,1488.0
2013-09-17,serie_1,2103.0
2013-09-17,serie_2,1007.0
2013-09-18,serie_1,1833.0
2013-09-18,serie_2,766.0
2013-09-19,serie_1,1952.0
2013-09-19,serie_2,836.0
2013-09-20,serie_1,1317.0
2013-09-20,serie_2,669.0
2013-09-21,serie_1,98.0
2013-09-21,serie_2,64.0
2013-09-22,serie_1,190.0
2013-09-22,serie_2,-17.0
2013-09-23,serie_1,3287.0
2013-09-23,serie_2,1498.0
2013-09-24,serie_1,2142.0
2013-09-24,serie_2,897.0
2013-09-25,serie_1,1888.0
2013-09-25,serie_2,818.0
2013-09-26,serie_1,2319.0
2013-09-26,serie_2,1107.0
2013-09-27,serie_1,1516.0
2013-09-27,serie_2,670.0
2013-09-28,serie_1,159.0
2013-09-28,serie_2,102.0
2013-09-29,serie_1,31.0
2013-09-29,serie_2,52.0
2013-09-30,serie_1,3641.0
2013-09-30,serie_2,1520.0
2013-10-01,serie_1,2329.0
2013-10-01,serie_2,987.0
2013-10-02,serie_1,1921.0
2013-10-02,serie_2,835.0
2013-10-03,serie_1,2250.0
2013-10-03,serie_2,864.0
2013-10-04,serie_1,1548.0
2013-10-04,serie_2,634.0
2013-10-05,serie_1,32.0
2013-10-05,serie_2,36.0
2013-10-06,serie_1,203.0
2013-10-06,serie_2,174.0
2013-10-07,serie_1,3704.0
2013-10-07,serie_2,1490.0
2013-10-08,serie_1,2106.0
2013-10-08,serie_2,814.0
2013-10-09,serie_1,1778.0
2013-10-09,serie_2,714.0
2013-10-10,serie_1,2094.0
2013-10-10,serie_2,847.0
2013-10-11,serie_1,1417.0
2013-10-11,serie_2,572.0
2013-10-12,serie_1,33.0
2013-10-12,serie_2,22.0
2013-10-13,serie_1,263.0
2013-10-13,serie_2,142.0
2013-10-14,serie_1,3399.0
2013-10-14,serie_2,1331.0
2013-10-15,serie_1,2094.0
2013-10-15,serie_2,785.0
2013-10-16,serie_1,1839.0
2013-10-16,serie_2,713.0
2013-10-17,serie_1,2038.0
2013-10-17,serie_2,815.0
2013-10-18,serie_1,1356.0
2013-10-18,serie_2,542.0
2013-10-19,serie_1,61.0
2013-10-19,serie_2,24.0
2013-10-20,serie_1,232.0
2013-10-20,serie_2,138.0
2013-10-21,serie_1,3388.0
2013-10-21,serie_2,1299.0
2013-10-22,serie_1,2033.0
2013-10-22,serie_2,767.0
2013-10-23,serie_1,1706.0
2013-10-23,serie_2,673.0
2013-10-24,serie_1,2091.0
2013-10-24,serie_2,796.0
2013-10-25,serie_1,1421.0
2013-10-25,serie_2,529.0
2013-10-26,serie_1,174.0
2013-10-26,serie_2,79.0
2013-10-27,serie_1,210.0
2013-10-27,serie_2,99.0
2013-10-28,serie_1,3343.0
2013-10-28,serie_2,1261.0
2013-10-29,serie_1,2135.0
2013-10-29,serie_2,813.0
2013-10-30,serie_1,2018.0
2013-10-30,serie_2,737.0
2013-10-31,serie_1,2357.0
2013-10-31,serie_2,932.0
2013-11-01,serie_1,1031.0
2013-11-01,serie_2,533.0
2013-11-02,serie_1,83.0
2013-11-02,serie_2,41.0
2013-11-03,serie_1,153.0
2013-11-03,serie_2,43.0
2013-11-04,serie_1,3683.0
2013-11-04,serie_2,1430.0
2013-11-05,serie_1,2555.0
2013-11-05,serie_2,1019.0
2013-11-06,serie_1,1992.0
2013-11-06,serie_2,809.0
2013-11-07,serie_1,2275.0
2013-11-07,serie_2,921.0
2013-11-08,serie_1,1468.0
2013-11-08,serie_2,612.0
2013-11-09,serie_1,336.0
2013-11-09,serie_2,127.0
2013-11-10,serie_1,-102.0
2013-11-10,serie_2,-54.0
2013-11-11,serie_1,3829.0
2013-11-11,serie_2,1584.0
2013-11-12,serie_1,2084.0
2013-11-12,serie_2,798.0
2013-11-13,serie_1,2102.0
2013-11-13,serie_2,810.0
2013-11-14,serie_1,2258.0
2013-11-14,serie_2,882.0
2013-11-15,serie_1,1515.0
2013-11-15,serie_2,583.0
2013-11-16,serie_1,103.0
2013-11-16,serie_2,66.0
2013-11-17,serie_1,557.0
2013-11-17,serie_2,231.0
2013-11-18,serie_1,3327.0
2013-11-18,serie_2,1287.0
2013-11-19,serie_1,2148.0
2013-11-19,serie_2,853.0
2013-11-20,serie_1,2068.0
2013-11-20,serie_2,797.0
2013-11-21,serie_1,2215.0
2013-11-21,serie_2,911.0
2013-11-22,serie_1,1505.0
2013-11-22,serie_2,614.0
2013-11-23,serie_1,82.0
2013-11-23,serie_2,48.0
2013-11-24,serie_1,318.0
2013-11-24,serie_2,104.0
2013-11-25,serie_1,2981.0
2013-11-25,serie_2,1219.0
2013-11-26,serie_1,2321.0
2013-11-26,serie_2,909.0
2013-11-27,serie_1,2229.0
2013-11-27,serie_2,915.0
2013-11-28,serie_1,2328.0
2013-11-28,serie_2,949.0
2013-11-29,serie_1,1924.0
2013-11-29,serie_2,797.0
2013-11-30,serie_1,393.0
2013-11-30,serie_2,228.0
2013-12-01,serie_1,2452.0
2013-12-01,serie_2,966.0
2013-12-02,serie_1,2801.0
2013-12-02,serie_2,1186.0
2013-12-03,serie_1,2414.0
2013-12-03,serie_2,954.0
2013-12-04,serie_1,2653.0
2013-12-04,serie_2,1116.0
2013-12-05,serie_1,2344.0
2013-12-05,serie_2,1012.0
2013-12-06,serie_1,1919.0
2013-12-06,serie_2,822.0
2013-12-07,serie_1,122.0
2013-12-07,serie_2,99.0
2013-12-08,serie_1,2653.0
2013-12-08,serie_2,1133.0
2013-12-09,serie_1,3014.0
2013-12-09,serie_2,1255.0
2013-12-10,serie_1,2408.0
2013-12-10,serie_2,983.0
2013-12-11,serie_1,2562.0
2013-12-11,serie_2,1044.0
2013-12-12,serie_1,2353.0
2013-12-12,serie_2,1086.0
2013-12-13,serie_1,2002.0
2013-12-13,serie_2,864.0
2013-12-14,serie_1,284.0
2013-12-14,serie_2,106.0
2013-12-15,serie_1,2770.0
2013-12-15,serie_2,1154.0
2013-12-16,serie_1,3079.0
2013-12-16,serie_2,1226.0
2013-12-17,serie_1,2694.0
2013-12-17,serie_2,1168.0
2013-12-18,serie_1,3346.0
2013-12-18,serie_2,1423.0
2013-12-19,serie_1,2907.0
2013-12-19,serie_2,1274.0
2013-12-20,serie_1,2469.0
2013-12-20,serie_2,1059.0
2013-12-21,serie_1,617.0
2013-12-21,serie_2,352.0
2013-12-22,serie_1,3337.0
2013-12-22,serie_2,1457.0
2013-12-23,serie_1,4274.0
2013-12-23,serie_2,1830.0
2013-12-24,serie_1,3719.0
2013-12-24,serie_2,1693.0
2013-12-25,serie_1,33.0
2013-12-25,serie_2,109.0
2013-12-26,serie_1,1794.0
2013-12-26,serie_2,687.0
2013-12-27,serie_1,3258.0
2013-12-27,serie_2,1367.0
2013-12-28,serie_1,63.0
2013-12-28,serie_2,-101.0
2013-12-29,serie_1,2591.0
2013-12-29,serie_2,1219.0
2013-12-30,serie_1,3552.0
2013-12-30,serie_2,1498.0
2013-12-31,serie_1,1412.0
2013-12-31,serie_2,495.0
2014-01-01,serie_1,399.0
2014-01-01,serie_2,200.0
2014-01-02,serie_1,3222.0
2014-01-02,serie_2,1303.0
2014-01-03,serie_1,2255.0
2014-01-03,serie_2,844.0
2014-01-04,serie_1,651.0
2014-01-04,serie_2,225.0
2014-01-05,serie_1,2263.0
2014-01-05,serie_2,875.0
2014-01-06,serie_1,2994.0
2014-01-06,serie_2,1089.0
2014-01-07,serie_1,1582.0
2014-01-07,serie_2,581.0
2014-01-08,serie_1,2070.0
2014-01-08,serie_2,808.0
2014-01-09,serie_1,2960.0
2014-01-09,serie_2,1090.0
2014-01-10,serie_1,2337.0
2014-01-10,serie_2,834.0
2014-01-11,serie_1,-216.0
2014-01-11,serie_2,-93.0
2014-01-12,serie_1,3069.0
2014-01-12,serie_2,1156.0
2014-01-13,serie_1,2754.0
2014-01-13,serie_2,1043.0
2014-01-14,serie_1,2170.0
2014-01-14,serie_2,813.0
2014-01-15,serie_1,2614.0
2014-01-15,serie_2,938.0
2014-01-16,serie_1,2372.0
2014-01-16,serie_2,896.0
2014-01-17,serie_1,1997.0
2014-01-17,serie_2,768.0
2014-01-18,serie_1,284.0
2014-01-18,serie_2,125.0
2014-01-19,serie_1,2761.0
2014-01-19,serie_2,1014.0
2014-01-20,serie_1,2776.0
2014-01-20,serie_2,1010.0
2014-01-21,serie_1,2169.0
2014-01-21,serie_2,818.0
2014-01-22,serie_1,2361.0
2014-01-22,serie_2,935.0
2014-01-23,serie_1,2292.0
2014-01-23,serie_2,834.0
2014-01-24,serie_1,1944.0
2014-01-24,serie_2,707.0
2014-01-25,serie_1,352.0
2014-01-25,serie_2,126.0
2014-01-26,serie_1,2637.0
2014-01-26,serie_2,965.0
2014-01-27,serie_1,2731.0
2014-01-27,serie_2,1038.0
2014-01-28,serie_1,2125.0
2014-01-28,serie_2,783.0
2014-01-29,serie_1,2526.0
2014-01-29,serie_2,931.0
2014-01-30,serie_1,2343.0
2014-01-30,serie_2,867.0
2014-01-31,serie_1,1990.0
2014-01-31,serie_2,719.0
2014-02-01,serie_1,171.0
2014-02-01,serie_2,96.0
2014-02-02,serie_1,2541.0
2014-02-02,serie_2,981.0
2014-02-03,serie_1,2698.0
2014-02-03,serie_2,995.0
2014-02-04,serie_1,2031.0
2014-02-04,serie_2,738.0
2014-02-05,serie_1,2387.0
2014-02-05,serie_2,815.0
2014-02-06,serie_1,2232.0
2014-02-06,serie_2,843.0
2014-02-07,serie_1,1914.0
2014-02-07,serie_2,709.0
2014-02-08,serie_1,311.0
2014-02-08,serie_2,119.0
2014-02-09,serie_1,2544.0
2014-02-09,serie_2,930.0
2014-02-10,serie_1,2602.0
2014-02-10,serie_2,901.0
2014-02-11,serie_1,2063.0
2014-02-11,serie_2,755.0
2014-02-12,serie_1,2301.0
2014-02-12,serie_2,901.0
2014-02-13,serie_1,2135.0
2014-02-13,serie_2,823.0
2014-02-14,serie_1,1863.0
2014-02-14,serie_2,689.0
2014-02-15,serie_1,207.0
2014-02-15,serie_2,89.0
2014-02-16,serie_1,2496.0
2014-02-16,serie_2,938.0
2014-02-17,serie_1,2558.0
2014-02-17,serie_2,945.0
2014-02-18,serie_1,1971.0
2014-02-18,serie_2,758.0
2014-02-19,serie_1,2208.0
2014-02-19,serie_2,825.0
2014-02-20,serie_1,1961.0
2014-02-20,serie_2,751.0
2014-02-21,serie_1,1723.0
2014-02-21,serie_2,641.0
2014-02-22,serie_1,221.0
2014-02-22,serie_2,80.0
2014-02-23,serie_1,2292.0
2014-02-23,serie_2,838.0
2014-02-24,serie_1,2476.0
2014-02-24,serie_2,909.0
2014-02-25,serie_1,1938.0
2014-02-25,serie_2,736.0
2014-02-26,serie_1,2233.0
2014-02-26,serie_2,843.0
2014-02-27,serie_1,2159.0
2014-02-27,serie_2,793.0
2014-02-28,serie_1,1798.0
2014-02-28,serie_2,648.0
2014-03-01,serie_1,149.0
2014-03-01,serie_2,70.0
2014-03-02,serie_1,2312.0
2014-03-02,serie_2,840.0
2014-03-03,serie_1,2512.0
2014-03-03,serie_2,940.0
2014-03-04,serie_1,2035.0
2014-03-04,serie_2,744.0
2014-03-05,serie_1,2291.0
2014-03-05,serie_2,834.0
2014-03-06,serie_1,2014.0
2014-03-06,serie_2,753.0
2014-03-07,serie_1,1755.0
2014-03-07,serie_2,629.0
2014-03-08,serie_1,274.0
2014-03-08,serie_2,70.0
2014-03-09,serie_1,2336.0
2014-03-09,serie_2,820.0
2014-03-10,serie_1,2532.0
2014-03-10,serie_2,895.0
2014-03-11,serie_1,1881.0
2014-03-11,serie_2,685.0
2014-03-12,serie_1,2245.0
2014-03-12,serie_2,788.0
2014-03-13,serie_1,2035.0
2014-03-13,serie_2,731.0
2014-03-14,serie_1,1697.0
2014-03-14,serie_2,603.0
2014-03-15,serie_1,136.0
2014-03-15,serie_2,45.0
2014-03-16,serie_1,2084.0
2014-03-16,serie_2,735.0
2014-03-17,serie_1,2431.0
2014-03-17,serie_2,850.0
2014-03-18,serie_1,2006.0
2014-03-18,serie_2,674.0
2014-03-19,serie_1,2232.0
2014-03-19,serie_2,779.0
2014-03-20,serie_1,1975.0
2014-03-20,serie_2,682.0
2014-03-21,serie_1,1667.0
2014-03-21,serie_2,580.0
2014-03-22,serie_1,528.0
2014-03-22,serie_2,185.0
2014-03-23,serie_1,2287.0
2014-03-23,serie_2,809.0
2014-03-24,serie_1,2912.0
2014-03-24,serie_2,965.0
2014-03-25,serie_1,2352.0
2014-03-25,serie_2,813.0
2014-03-26,serie_1,2694.0
2014-03-26,serie_2,899.0
2014-03-27,serie_1,2660.0
2014-03-27,serie_2,882.0
2014-03-28,serie_1,2286.0
2014-03-28,serie_2,766.0
2014-03-29,serie_1,344.0
2014-03-29,serie_2,161.0
2014-03-30,serie_1,3124.0
2014-03-30,serie_2,1079.0
2014-03-31,serie_1,3323.0
2014-03-31,serie_2,1138.0
2014-04-01,serie_1,2394.0
2014-04-01,serie_2,815.0
2014-04-02,serie_1,2476.0
2014-04-02,serie_2,822.0
2014-04-03,serie_1,2418.0
2014-04-03,serie_2,838.0
2014-04-04,serie_1,2063.0
2014-04-04,serie_2,714.0
2014-04-05,serie_1,105.0
2014-04-05,serie_2,66.0
2014-04-06,serie_1,2801.0
2014-04-06,serie_2,919.0
2014-04-07,serie_1,2688.0
2014-04-07,serie_2,936.0
2014-04-08,serie_1,2210.0
2014-04-08,serie_2,771.0
2014-04-09,serie_1,2665.0
2014-04-09,serie_2,900.0
2014-04-10,serie_1,2230.0
2014-04-10,serie_2,807.0
2014-04-11,serie_1,1858.0
2014-04-11,serie_2,671.0
2014-04-12,serie_1,160.0
2014-04-12,serie_2,101.0
2014-04-13,serie_1,2553.0
2014-04-13,serie_2,882.0
2014-04-14,serie_1,2807.0
2014-04-14,serie_2,998.0
2014-04-15,serie_1,2230.0
2014-04-15,serie_2,792.0
2014-04-16,serie_1,2366.0
2014-04-16,serie_2,881.0
2014-04-17,serie_1,2225.0
2014-04-17,serie_2,866.0
2014-04-18,serie_1,1883.0
2014-04-18,serie_2,682.0
2014-04-19,serie_1,155.0
2014-04-19,serie_2,56.0
2014-04-20,serie_1,2339.0
2014-04-20,serie_2,858.0
2014-04-21,serie_1,2524.0
2014-04-21,serie_2,916.0
2014-04-22,serie_1,2569.0
2014-04-22,serie_2,971.0
2014-04-23,serie_1,2487.0
2014-04-23,serie_2,931.0
2014-04-24,serie_1,2411.0
2014-04-24,serie_2,888.0
2014-04-25,serie_1,1756.0
2014-04-25,serie_2,664.0
2014-04-26,serie_1,137.0
2014-04-26,serie_2,91.0
2014-04-27,serie_1,956.0
2014-04-27,serie_2,339.0
2014-04-28,serie_1,2449.0
2014-04-28,serie_2,950.0
2014-04-29,serie_1,2476.0
2014-04-29,serie_2,915.0
2014-04-30,serie_1,2640.0
2014-04-30,serie_2,968.0
2014-05-01,serie_1,2159.0
2014-05-01,serie_2,792.0
2014-05-02,serie_1,1632.0
2014-05-02,serie_2,610.0
2014-05-03,serie_1,598.0
2014-05-03,serie_2,168.0
2014-05-04,serie_1,2617.0
2014-05-04,serie_2,939.0
2014-05-05,serie_1,3660.0
2014-05-05,serie_2,1258.0
2014-05-06,serie_1,2494.0
2014-05-06,serie_2,835.0
2014-05-07,serie_1,2559.0
2014-05-07,serie_2,921.0
2014-05-08,serie_1,2901.0
2014-05-08,serie_2,975.0
2014-05-09,serie_1,2302.0
2014-05-09,serie_2,777.0
2014-05-10,serie_1,434.0
2014-05-10,serie_2,136.0
2014-05-11,serie_1,3015.0
2014-05-11,serie_2,952.0
2014-05-12,serie_1,3139.0
2014-05-12,serie_2,1051.0
2014-05-13,serie_1,2670.0
2014-05-13,serie_2,880.0
2014-05-14,serie_1,2788.0
2014-05-14,serie_2,919.0
2014-05-15,serie_1,2738.0
2014-05-15,serie_2,920.0
2014-05-16,serie_1,2154.0
2014-05-16,serie_2,745.0
2014-05-17,serie_1,1035.0
2014-05-17,serie_2,363.0
2014-05-18,serie_1,2469.0
2014-05-18,serie_2,799.0
2014-05-19,serie_1,2997.0
2014-05-19,serie_2,1027.0
2014-05-20,serie_1,2417.0
2014-05-20,serie_2,834.0
2014-05-21,serie_1,2662.0
2014-05-21,serie_2,903.0
2014-05-22,serie_1,2593.0
2014-05-22,serie_2,876.0
2014-05-23,serie_1,2099.0
2014-05-23,serie_2,706.0
2014-05-24,serie_1,630.0
2014-05-24,serie_2,218.0
2014-05-25,serie_1,2470.0
2014-05-25,serie_2,878.0
2014-05-26,serie_1,3225.0
2014-05-26,serie_2,1096.0
2014-05-27,serie_1,2869.0
2014-05-27,serie_2,1038.0
2014-05-28,serie_1,3370.0
2014-05-28,serie_2,1090.0
2014-05-29,serie_1,1340.0
2014-05-29,serie_2,414.0
2014-05-30,serie_1,2769.0
2014-05-30,serie_2,980.0
2014-05-31,serie_1,497.0
2014-05-31,serie_2,150.0
2014-06-01,serie_1,3228.0
2014-06-01,serie_2,1046.0
2014-06-02,serie_1,3881.0
2014-06-02,serie_2,1300.0
2014-06-03,serie_1,2919.0
2014-06-03,serie_2,953.0
2014-06-04,serie_1,2727.0
2014-06-04,serie_2,843.0
2014-06-05,serie_1,2564.0
2014-06-05,serie_2,826.0
2014-06-06,serie_1,2598.0
2014-06-06,serie_2,804.0
2014-06-07,serie_1,-332.0
2014-06-07,serie_2,20.0
2014-06-08,serie_1,811.0
2014-06-08,serie_2,273.0
2014-06-09,serie_1,2951.0
2014-06-09,serie_2,903.0
2014-06-10,serie_1,2876.0
2014-06-10,serie_2,826.0
2014-06-11,serie_1,3504.0
2014-06-11,serie_2,1156.0
2014-06-12,serie_1,3247.0
2014-06-12,serie_2,1030.0
2014-06-13,serie_1,2281.0
2014-06-13,serie_2,750.0
2014-06-14,serie_1,299.0
2014-06-14,serie_2,111.0
2014-06-15,serie_1,1860.0
2014-06-15,serie_2,720.0
2014-06-16,serie_1,3144.0
2014-06-16,serie_2,967.0
2014-06-17,serie_1,3098.0
2014-06-17,serie_2,981.0
2014-06-18,serie_1,2673.0
2014-06-18,serie_2,952.0
2014-06-19,serie_1,2493.0
2014-06-19,serie_2,846.0
2014-06-20,serie_1,2121.0
2014-06-20,serie_2,733.0
2014-06-21,serie_1,1187.0
2014-06-21,serie_2,443.0
2014-06-22,serie_1,2406.0
2014-06-22,serie_2,804.0
2014-06-23,serie_1,3679.0
2014-06-23,serie_2,1251.0
2014-06-24,serie_1,2533.0
2014-06-24,serie_2,912.0
2014-06-25,serie_1,2794.0
2014-06-25,serie_2,1044.0
2014-06-26,serie_1,2794.0
2014-06-26,serie_2,1008.0
2014-06-27,serie_1,2233.0
2014-06-27,serie_2,799.0
2014-06-28,serie_1,162.0
2014-06-28,serie_2,94.0
2014-06-29,serie_1,2992.0
2014-06-29,serie_2,1078.0
2014-06-30,serie_1,3023.0
2014-06-30,serie_2,1124.0
2014-07-01,serie_1,2862.0
2014-07-01,serie_2,1059.0
2014-07-02,serie_1,2887.0
2014-07-02,serie_2,1069.0
2014-07-03,serie_1,2779.0
2014-07-03,serie_2,1013.0
2014-07-04,serie_1,2289.0
2014-07-04,serie_2,824.0
2014-07-05,serie_1,1081.0
2014-07-05,serie_2,375.0
2014-07-06,serie_1,2639.0
2014-07-06,serie_2,975.0
2014-07-07,serie_1,3713.0
2014-07-07,serie_2,1355.0
2014-07-08,serie_1,3070.0
2014-07-08,serie_2,1082.0
2014-07-09,serie_1,3261.0
2014-07-09,serie_2,1290.0
2014-07-10,serie_1,2950.0
2014-07-10,serie_2,1111.0
2014-07-11,serie_1,2362.0
2014-07-11,serie_2,895.0
2014-07-12,serie_1,269.0
2014-07-12,serie_2,141.0
2014-07-13,serie_1,3280.0
2014-07-13,serie_2,1302.0
2014-07-14,serie_1,3857.0
2014-07-14,serie_2,1382.0
2014-07-15,serie_1,3043.0
2014-07-15,serie_2,1112.0
2014-07-16,serie_1,3184.0
2014-07-16,serie_2,1131.0
2014-07-17,serie_1,3001.0
2014-07-17,serie_2,1038.0
2014-07-18,serie_1,2394.0
2014-07-18,serie_2,849.0
2014-07-19,serie_1,191.0
2014-07-19,serie_2,131.0
2014-07-20,serie_1,3470.0
2014-07-20,serie_2,1291.0
2014-07-21,serie_1,3368.0
2014-07-21,serie_2,1174.0
2014-07-22,serie_1,2647.0
2014-07-22,serie_2,876.0
2014-07-23,serie_1,3148.0
2014-07-23,serie_2,1089.0
2014-07-24,serie_1,2757.0
2014-07-24,serie_2,921.0
2014-07-25,serie_1,2295.0
2014-07-25,serie_2,750.0
2014-07-26,serie_1,568.0
2014-07-26,serie_2,179.0
2014-07-27,serie_1,2985.0
2014-07-27,serie_2,1013.0
2014-07-28,serie_1,3476.0
2014-07-28,serie_2,1131.0
2014-07-29,serie_1,2975.0
2014-07-29,serie_2,992.0
2014-07-30,serie_1,3235.0
2014-07-30,serie_2,1129.0
2014-07-31,serie_1,3162.0
2014-07-31,serie_2,1055.0
2014-08-01,serie_1,2630.0
2014-08-01,serie_2,888.0
2014-08-02,serie_1,36.0
2014-08-02,serie_2,77.0
2014-08-03,serie_1,3298.0
2014-08-03,serie_2,1159.0
2014-08-04,serie_1,3737.0
2014-08-04,serie_2,1295.0
2014-08-05,serie_1,3177.0
2014-08-05,serie_2,1032.0
2014-08-06,serie_1,3211.0
2014-08-06,serie_2,1097.0
2014-08-07,serie_1,3123.0
2014-08-07,serie_2,1098.0
2014-08-08,serie_1,2580.0
2014-08-08,serie_2,887.0
2014-08-09,serie_1,476.0
2014-08-09,serie_2,126.0
2014-08-10,serie_1,3355.0
2014-08-10,serie_2,1166.0
2014-08-11,serie_1,3977.0
2014-08-11,serie_2,1244.0
2014-08-12,serie_1,3353.0
2014-08-12,serie_2,1213.0
2014-08-13,serie_1,3297.0
2014-08-13,serie_2,1142.0
2014-08-14,serie_1,3279.0
2014-08-14,serie_2,1078.0
2014-08-15,serie_1,2553.0
2014-08-15,serie_2,840.0
2014-08-16,serie_1,220.0
2014-08-16,serie_2,59.0
2014-08-17,serie_1,3659.0
2014-08-17,serie_2,1167.0
2014-08-18,serie_1,3851.0
2014-08-18,serie_2,1335.0
2014-08-19,serie_1,3319.0
2014-08-19,serie_2,1092.0
2014-08-20,serie_1,3388.0
2014-08-20,serie_2,1098.0
2014-08-21,serie_1,3141.0
2014-08-21,serie_2,1001.0
2014-08-22,serie_1,2551.0
2014-08-22,serie_2,826.0
2014-08-23,serie_1,831.0
2014-08-23,serie_2,280.0
2014-08-24,serie_1,4118.0
2014-08-24,serie_2,1290.0
2014-08-25,serie_1,4155.0
2014-08-25,serie_2,1383.0
2014-08-26,serie_1,3356.0
2014-08-26,serie_2,1090.0
2014-08-27,serie_1,3697.0
2014-08-27,serie_2,1217.0
2014-08-28,serie_1,3404.0
2014-08-28,serie_2,1112.0
2014-08-29,serie_1,2751.0
2014-08-29,serie_2,907.0
2014-08-30,serie_1,331.0
2014-08-30,serie_2,98.0
2014-08-31,serie_1,3784.0
2014-08-31,serie_2,1302.0
2014-09-01,serie_1,3931.0
2014-09-01,serie_2,1258.0
2014-09-02,serie_1,3374.0
2014-09-02,serie_2,1086.0
2014-09-03,serie_1,3241.0
2014-09-03,serie_2,1078.0
2014-09-04,serie_1,3186.0
2014-09-04,serie_2,1038.0
2014-09-05,serie_1,2491.0
2014-09-05,serie_2,988.0
2014-09-06,serie_1,2113.0
2014-09-06,serie_2,693.0
2014-09-07,serie_1,2775.0
2014-09-07,serie_2,843.0
2014-09-08,serie_1,3239.0
2014-09-08,serie_2,1118.0
2014-09-09,serie_1,3018.0
2014-09-09,serie_2,1041.0
2014-09-10,serie_1,2944.0
2014-09-10,serie_2,1028.0
2014-09-11,serie_1,2835.0
2014-09-11,serie_2,957.0
2014-09-12,serie_1,2482.0
2014-09-12,serie_2,798.0
2014-09-13,serie_1,1793.0
2014-09-13,serie_2,554.0
2014-09-14,serie_1,2289.0
2014-09-14,serie_2,811.0
2014-09-15,serie_1,3270.0
2014-09-15,serie_2,1105.0
2014-09-16,serie_1,2759.0
2014-09-16,serie_2,913.0
2014-09-17,serie_1,2918.0
2014-09-17,serie_2,971.0
2014-09-18,serie_1,2668.0
2014-09-18,serie_2,891.0
2014-09-19,serie_1,2225.0
2014-09-19,serie_2,744.0
2014-09-20,serie_1,1889.0
2014-09-20,serie_2,574.0
2014-09-21,serie_1,2361.0
2014-09-21,serie_2,751.0
2014-09-22,serie_1,3341.0
2014-09-22,serie_2,1102.0
2014-09-23,serie_1,3384.0
2014-09-23,serie_2,1032.0
2014-09-24,serie_1,3031.0
2014-09-24,serie_2,1002.0
2014-09-25,serie_1,3510.0
2014-09-25,serie_2,1286.0
2014-09-26,serie_1,2866.0
2014-09-26,serie_2,1013.0
2014-09-27,serie_1,2311.0
2014-09-27,serie_2,820.0
2014-09-28,serie_1,2862.0
2014-09-28,serie_2,960.0
2014-09-29,serie_1,4161.0
2014-09-29,serie_2,1278.0
2014-09-30,serie_1,3367.0
2014-09-30,serie_2,1180.0
2014-10-01,serie_1,3354.0
2014-10-01,serie_2,1103.0
2014-10-02,serie_1,3206.0
2014-10-02,serie_2,1022.0
2014-10-03,serie_1,2604.0
2014-10-03,serie_2,884.0
2014-10-04,serie_1,1719.0
2014-10-04,serie_2,568.0
2014-10-05,serie_1,2951.0
2014-10-05,serie_2,929.0
2014-10-06,serie_1,3553.0
2014-10-06,serie_2,1104.0
2014-10-07,serie_1,2980.0
2014-10-07,serie_2,1020.0
2014-10-08,serie_1,3067.0
2014-10-08,serie_2,1009.0
2014-10-09,serie_1,2965.0
2014-10-09,serie_2,980.0
2014-10-10,serie_1,2408.0
2014-10-10,serie_2,821.0
2014-10-11,serie_1,1589.0
2014-10-11,serie_2,560.0
2014-10-12,serie_1,2654.0
2014-10-12,serie_2,839.0
2014-10-13,serie_1,3178.0
2014-10-13,serie_2,1082.0
2014-10-14,serie_1,3093.0
2014-10-14,serie_2,932.0
2014-10-15,serie_1,2821.0
2014-10-15,serie_2,945.0
2014-10-16,serie_1,2805.0
2014-10-16,serie_2,896.0
2014-10-17,serie_1,2419.0
2014-10-17,serie_2,790.0
2014-10-18,serie_1,1729.0
2014-10-18,serie_2,554.0
2014-10-19,serie_1,2240.0
2014-10-19,serie_2,697.0
2014-10-20,serie_1,3282.0
2014-10-20,serie_2,1033.0
2014-10-21,serie_1,2934.0
2014-10-21,serie_2,951.0
2014-10-22,serie_1,2892.0
2014-10-22,serie_2,923.0
2014-10-23,serie_1,2821.0
2014-10-23,serie_2,911.0
2014-10-24,serie_1,2303.0
2014-10-24,serie_2,748.0
2014-10-25,serie_1,1754.0
2014-10-25,serie_2,534.0
2014-10-26,serie_1,2369.0
2014-10-26,serie_2,764.0
2014-10-27,serie_1,3439.0
2014-10-27,serie_2,1078.0
2014-10-28,serie_1,2953.0
2014-10-28,serie_2,942.0
2014-10-29,serie_1,2797.0
2014-10-29,serie_2,926.0
2014-10-30,serie_1,3104.0
2014-10-30,serie_2,968.0
2014-10-31,serie_1,2581.0
2014-10-31,serie_2,845.0
2014-11-01,serie_1,1721.0
2014-11-01,serie_2,547.0
2014-11-02,serie_1,2503.0
2014-11-02,serie_2,779.0
2014-11-03,serie_1,3344.0
2014-11-03,serie_2,1115.0
2014-11-04,serie_1,3166.0
2014-11-04,serie_2,1031.0
2014-11-05,serie_1,2996.0
2014-11-05,serie_2,1015.0
2014-11-06,serie_1,2748.0
2014-11-06,serie_2,925.0
2014-11-07,serie_1,2294.0
2014-11-07,serie_2,819.0
2014-11-08,serie_1,1555.0
2014-11-08,serie_2,557.0
2014-11-09,serie_1,2541.0
2014-11-09,serie_2,869.0
2014-11-10,serie_1,3371.0
2014-11-10,serie_2,1125.0
2014-11-11,serie_1,2518.0
2014-11-11,serie_2,882.0
2014-11-12,serie_1,2509.0
2014-11-12,serie_2,808.0
2014-11-13,serie_1,2851.0
2014-11-13,serie_2,1010.0
2014-11-14,serie_1,2399.0
2014-11-14,serie_2,836.0
2014-11-15,serie_1,1803.0
2014-11-15,serie_2,598.0
2014-11-16,serie_1,2378.0
2014-11-16,serie_2,783.0
2014-11-17,serie_1,3039.0
2014-11-17,serie_2,989.0
2014-11-18,serie_1,3112.0
2014-11-18,serie_2,1107.0
2014-11-19,serie_1,3007.0
2014-11-19,serie_2,1004.0
2014-11-20,serie_1,3091.0
2014-11-20,serie_2,1020.0
2014-11-21,serie_1,2603.0
2014-11-21,serie_2,877.0
2014-11-22,serie_1,2006.0
2014-11-22,serie_2,632.0
2014-11-23,serie_1,2694.0
2014-11-23,serie_2,920.0
2014-11-24,serie_1,3707.0
2014-11-24,serie_2,1258.0
2014-11-25,serie_1,3925.0
2014-11-25,serie_2,1227.0
2014-11-26,serie_1,3850.0
2014-11-26,serie_2,1195.0
2014-11-27,serie_1,4021.0
2014-11-27,serie_2,1209.0
2014-11-28,serie_1,3471.0
2014-11-28,serie_2,1043.0
2014-11-29,serie_1,2792.0
2014-11-29,serie_2,800.0
2014-11-30,serie_1,3804.0
2014-11-30,serie_2,1139.0
2014-12-01,serie_1,4829.0
2014-12-01,serie_2,1434.0
2014-12-02,serie_1,4820.0
2014-12-02,serie_2,1503.0
2014-12-03,serie_1,4536.0
2014-12-03,serie_2,1391.0
2014-12-04,serie_1,4469.0
2014-12-04,serie_2,1381.0
2014-12-05,serie_1,3570.0
2014-12-05,serie_2,1135.0
2014-12-06,serie_1,2950.0
2014-12-06,serie_2,949.0
2014-12-07,serie_1,3878.0
2014-12-07,serie_2,1192.0
2014-12-08,serie_1,5006.0
2014-12-08,serie_2,1610.0
2014-12-09,serie_1,3713.0
2014-12-09,serie_2,1316.0
2014-12-10,serie_1,3853.0
2014-12-10,serie_2,1323.0
2014-12-11,serie_1,3792.0
2014-12-11,serie_2,1310.0
2014-12-12,serie_1,3391.0
2014-12-12,serie_2,1132.0
2014-12-13,serie_1,2714.0
2014-12-13,serie_2,778.0
2014-12-14,serie_1,3509.0
2014-12-14,serie_2,1193.0
2014-12-15,serie_1,4445.0
2014-12-15,serie_2,1547.0
2014-12-16,serie_1,4853.0
2014-12-16,serie_2,1609.0
2014-12-17,serie_1,4774.0
2014-12-17,serie_2,1592.0
2014-12-18,serie_1,5046.0
2014-12-18,serie_2,1624.0
2014-12-19,serie_1,4297.0
2014-12-19,serie_2,1409.0
2014-12-20,serie_1,4060.0
2014-12-20,serie_2,1205.0
2014-12-21,serie_1,4909.0
2014-12-21,serie_2,1555.0
2014-12-22,serie_1,6350.0
2014-12-22,serie_2,2064.0
2014-12-23,serie_1,7125.0
2014-12-23,serie_2,2294.0
2014-12-24,serie_1,6033.0
2014-12-24,serie_2,1913.0
2014-12-25,serie_1,2468.0
2014-12-25,serie_2,692.0
2014-12-26,serie_1,5850.0
2014-12-26,serie_2,1800.0
2014-12-27,serie_1,4381.0
2014-12-27,serie_2,1239.0
2014-12-28,serie_1,4354.0
2014-12-28,serie_2,1271.0
2014-12-29,serie_1,5606.0
2014-12-29,serie_2,1667.0
2014-12-30,serie_1,4908.0
2014-12-30,serie_2,1306.0
2014-12-31,serie_1,2562.0
2014-12-31,serie_2,638.0
2015-01-01,serie_1,1544.0
2015-01-01,serie_2,441.0
2015-01-02,serie_1,5749.0
2015-01-02,serie_2,1628.0
2015-01-03,serie_1,3796.0
2015-01-03,serie_2,985.0
2015-01-04,serie_1,3875.0
2015-01-04,serie_2,974.0
2015-01-05,serie_1,4289.0
2015-01-05,serie_2,1158.0
2015-01-06,serie_1,3723.0
2015-01-06,serie_2,1070.0
2015-01-07,serie_1,2346.0
2015-01-07,serie_2,832.0
2015-01-08,serie_1,3495.0
2015-01-08,serie_2,1131.0
2015-01-09,serie_1,4326.0
2015-01-09,serie_2,1193.0
2015-01-10,serie_1,3408.0
2015-01-10,serie_2,1004.0
2015-01-11,serie_1,3223.0
2015-01-11,serie_2,962.0
2015-01-12,serie_1,4186.0
2015-01-12,serie_2,1258.0
2015-01-13,serie_1,3572.0
2015-01-13,serie_2,1141.0
2015-01-14,serie_1,3752.0
2015-01-14,serie_2,1129.0
2015-01-15,serie_1,3830.0
2015-01-15,serie_2,1079.0
2015-01-16,serie_1,3187.0
2015-01-16,serie_2,908.0
2015-01-17,serie_1,2660.0
2015-01-17,serie_2,798.0
2015-01-18,serie_1,3198.0
2015-01-18,serie_2,964.0
2015-01-19,serie_1,3993.0
2015-01-19,serie_2,1199.0
2015-01-20,serie_1,3797.0
2015-01-20,serie_2,1105.0
2015-01-21,serie_1,3570.0
2015-01-21,serie_2,1075.0
2015-01-22,serie_1,3625.0
2015-01-22,serie_2,1153.0
2015-01-23,serie_1,3242.0
2015-01-23,serie_2,996.0
2015-01-24,serie_1,2617.0
2015-01-24,serie_2,761.0
2015-01-25,serie_1,3293.0
2015-01-25,serie_2,1011.0
2015-01-26,serie_1,4008.0
2015-01-26,serie_2,1192.0
2015-01-27,serie_1,2668.0
2015-01-27,serie_2,820.0
2015-01-28,serie_1,4491.0
2015-01-28,serie_2,1423.0
2015-01-29,serie_1,3614.0
2015-01-29,serie_2,1120.0
2015-01-30,serie_1,3600.0
2015-01-30,serie_2,1120.0
2015-01-31,serie_1,3017.0
2015-01-31,serie_2,901.0
2015-02-01,serie_1,3096.0
2015-02-01,serie_2,948.0
2015-02-02,serie_1,3024.0
2015-02-02,serie_2,957.0
2015-02-03,serie_1,4193.0
2015-02-03,serie_2,1325.0
2015-02-04,serie_1,3316.0
2015-02-04,serie_2,1015.0
2015-02-05,serie_1,3471.0
2015-02-05,serie_2,1109.0
2015-02-06,serie_1,3298.0
2015-02-06,serie_2,1051.0
2015-02-07,serie_1,2546.0
2015-02-07,serie_2,731.0
2015-02-08,serie_1,2966.0
2015-02-08,serie_2,910.0
2015-02-09,serie_1,3964.0
2015-02-09,serie_2,1214.0
2015-02-10,serie_1,3505.0
2015-02-10,serie_2,1119.0
2015-02-11,serie_1,3466.0
2015-02-11,serie_2,1109.0
2015-02-12,serie_1,3457.0
2015-02-12,serie_2,1114.0
2015-02-13,serie_1,2907.0
2015-02-13,serie_2,962.0
2015-02-14,serie_1,2447.0
2015-02-14,serie_2,704.0
2015-02-15,serie_1,3004.0
2015-02-15,serie_2,940.0
2015-02-16,serie_1,3590.0
2015-02-16,serie_2,1177.0
2015-02-17,serie_1,3421.0
2015-02-17,serie_2,1050.0
2015-02-18,serie_1,3362.0
2015-02-18,serie_2,1081.0
2015-02-19,serie_1,3385.0
2015-02-19,serie_2,1059.0
2015-02-20,serie_1,2939.0
2015-02-20,serie_2,878.0
2015-02-21,serie_1,2408.0
2015-02-21,serie_2,736.0
2015-02-22,serie_1,2915.0
2015-02-22,serie_2,877.0
2015-02-23,serie_1,3789.0
2015-02-23,serie_2,1159.0
2015-02-24,serie_1,3618.0
2015-02-24,serie_2,1110.0
2015-02-25,serie_1,3486.0
2015-02-25,serie_2,1076.0
2015-02-26,serie_1,3700.0
2015-02-26,serie_2,1090.0
2015-02-27,serie_1,3349.0
2015-02-27,serie_2,995.0
2015-02-28,serie_1,2379.0
2015-02-28,serie_2,724.0
2015-03-01,serie_1,3246.0
2015-03-01,serie_2,949.0
2015-03-02,serie_1,4086.0
2015-03-02,serie_2,1225.0
2015-03-03,serie_1,3792.0
2015-03-03,serie_2,1172.0
2015-03-04,serie_1,3773.0
2015-03-04,serie_2,1132.0
2015-03-05,serie_1,3756.0
2015-03-05,serie_2,1126.0
2015-03-06,serie_1,3215.0
2015-03-06,serie_2,949.0
2015-03-07,serie_1,2488.0
2015-03-07,serie_2,714.0
2015-03-08,serie_1,3223.0
2015-03-08,serie_2,946.0
2015-03-09,serie_1,3951.0
2015-03-09,serie_2,1176.0
2015-03-10,serie_1,3578.0
2015-03-10,serie_2,1062.0
2015-03-11,serie_1,3605.0
2015-03-11,serie_2,1007.0
2015-03-12,serie_1,3504.0
2015-03-12,serie_2,1030.0
2015-03-13,serie_1,3007.0
2015-03-13,serie_2,878.0
2015-03-14,serie_1,2250.0
2015-03-14,serie_2,586.0
2015-03-15,serie_1,3030.0
2015-03-15,serie_2,861.0
2015-03-16,serie_1,3972.0
2015-03-16,serie_2,1117.0
2015-03-17,serie_1,3654.0
2015-03-17,serie_2,1075.0
2015-03-18,serie_1,3375.0
2015-03-18,serie_2,1023.0
2015-03-19,serie_1,3316.0
2015-03-19,serie_2,1033.0
2015-03-20,serie_1,3099.0
2015-03-20,serie_2,869.0
2015-03-21,serie_1,2428.0
2015-03-21,serie_2,693.0
2015-03-22,serie_1,3136.0
2015-03-22,serie_2,954.0
2015-03-23,serie_1,3782.0
2015-03-23,serie_2,1144.0
2015-03-24,serie_1,3983.0
2015-03-24,serie_2,1165.0
2015-03-25,serie_1,4087.0
2015-03-25,serie_2,1142.0
2015-03-26,serie_1,4120.0
2015-03-26,serie_2,1125.0
2015-03-27,serie_1,3679.0
2015-03-27,serie_2,1015.0
2015-03-28,serie_1,3251.0
2015-03-28,serie_2,908.0
2015-03-29,serie_1,3557.0
2015-03-29,serie_2,1001.0
2015-03-30,serie_1,4994.0
2015-03-30,serie_2,1344.0
2015-03-31,serie_1,4426.0
2015-03-31,serie_2,1244.0
2015-04-01,serie_1,4137.0
2015-04-01,serie_2,1170.0
2015-04-02,serie_1,4327.0
2015-04-02,serie_2,1282.0
2015-04-03,serie_1,3747.0
2015-04-03,serie_2,1099.0
2015-04-04,serie_1,3114.0
2015-04-04,serie_2,825.0
2015-04-05,serie_1,3598.0
2015-04-05,serie_2,1017.0
2015-04-06,serie_1,4108.0
2015-04-06,serie_2,1268.0
2015-04-07,serie_1,4125.0
2015-04-07,serie_2,1288.0
2015-04-08,serie_1,4519.0
2015-04-08,serie_2,1273.0
2015-04-09,serie_1,4327.0
2015-04-09,serie_2,1226.0
2015-04-10,serie_1,3507.0
2015-04-10,serie_2,1124.0
2015-04-11,serie_1,2357.0
2015-04-11,serie_2,825.0
2015-04-12,serie_1,2239.0
2015-04-12,serie_2,372.0
2015-04-13,serie_1,4382.0
2015-04-13,serie_2,1355.0
2015-04-14,serie_1,4451.0
2015-04-14,serie_2,1335.0
2015-04-15,serie_1,3500.0
2015-04-15,serie_2,1063.0
2015-04-16,serie_1,3579.0
2015-04-16,serie_2,1056.0
2015-04-17,serie_1,3169.0
2015-04-17,serie_2,921.0
2015-04-18,serie_1,2585.0
2015-04-18,serie_2,663.0
2015-04-19,serie_1,3002.0
2015-04-19,serie_2,879.0
2015-04-20,serie_1,4193.0
2015-04-20,serie_2,1257.0
2015-04-21,serie_1,3827.0
2015-04-21,serie_2,1041.0
2015-04-22,serie_1,3701.0
2015-04-22,serie_2,1111.0
2015-04-23,serie_1,3901.0
2015-04-23,serie_2,1127.0
2015-04-24,serie_1,3151.0
2015-04-24,serie_2,940.0
2015-04-25,serie_1,2389.0
2015-04-25,serie_2,674.0
2015-04-26,serie_1,3515.0
2015-04-26,serie_2,1019.0
2015-04-27,serie_1,3838.0
2015-04-27,serie_2,1146.0
2015-04-28,serie_1,3660.0
2015-04-28,serie_2,1076.0
2015-04-29,serie_1,4349.0
2015-04-29,serie_2,1265.0
2015-04-30,serie_1,4341.0
2015-04-30,serie_2,1238.0
2015-05-01,serie_1,3564.0
2015-05-01,serie_2,1024.0
2015-05-02,serie_1,2829.0
2015-05-02,serie_2,818.0
2015-05-03,serie_1,2901.0
2015-05-03,serie_2,884.0
2015-05-04,serie_1,4666.0
2015-05-04,serie_2,1283.0
2015-05-05,serie_1,4120.0
2015-05-05,serie_2,1196.0
2015-05-06,serie_1,4028.0
2015-05-06,serie_2,1056.0
2015-05-07,serie_1,4503.0
2015-05-07,serie_2,1341.0
2015-05-08,serie_1,3863.0
2015-05-08,serie_2,1146.0
2015-05-09,serie_1,3061.0
2015-05-09,serie_2,897.0
2015-05-10,serie_1,4177.0
2015-05-10,serie_2,1176.0
2015-05-11,serie_1,3941.0
2015-05-11,serie_2,1181.0
2015-05-12,serie_1,4346.0
2015-05-12,serie_2,1228.0
2015-05-13,serie_1,4457.0
2015-05-13,serie_2,1327.0
2015-05-14,serie_1,3025.0
2015-05-14,serie_2,862.0
2015-05-15,serie_1,2719.0
2015-05-15,serie_2,829.0
2015-05-16,serie_1,3572.0
2015-05-16,serie_2,1072.0
2015-05-17,serie_1,2970.0
2015-05-17,serie_2,1027.0
2015-05-18,serie_1,4051.0
2015-05-18,serie_2,1111.0
2015-05-19,serie_1,3976.0
2015-05-19,serie_2,1177.0
2015-05-20,serie_1,3451.0
2015-05-20,serie_2,1054.0
2015-05-21,serie_1,3983.0
2015-05-21,serie_2,875.0
2015-05-22,serie_1,3759.0
2015-05-22,serie_2,1155.0
2015-05-23,serie_1,3241.0
2015-05-23,serie_2,856.0
2015-05-24,serie_1,2717.0
2015-05-24,serie_2,624.0
2015-05-25,serie_1,4358.0
2015-05-25,serie_2,1421.0
2015-05-26,serie_1,4574.0
2015-05-26,serie_2,1502.0
2015-05-27,serie_1,4511.0
2015-05-27,serie_2,1441.0
2015-05-28,serie_1,4707.0
2015-05-28,serie_2,1455.0
2015-05-29,serie_1,3987.0
2015-05-29,serie_2,1225.0
2015-05-30,serie_1,2966.0
2015-05-30,serie_2,944.0
2015-05-31,serie_1,2198.0
2015-05-31,serie_2,319.0
2015-06-01,serie_1,4932.0
2015-06-01,serie_2,1625.0
2015-06-02,serie_1,4730.0
2015-06-02,serie_2,1545.0
2015-06-03,serie_1,4367.0
2015-06-03,serie_2,1384.0
2015-06-04,serie_1,4555.0
2015-06-04,serie_2,1397.0
2015-06-05,serie_1,3598.0
2015-06-05,serie_2,1065.0
2015-06-06,serie_1,2663.0
2015-06-06,serie_2,821.0
2015-06-07,serie_1,3870.0
2015-06-07,serie_2,1209.0
2015-06-08,serie_1,4489.0
2015-06-08,serie_2,1477.0
2015-06-09,serie_1,4301.0
2015-06-09,serie_2,1450.0
2015-06-10,serie_1,4305.0
2015-06-10,serie_2,1429.0
2015-06-11,serie_1,4138.0
2015-06-11,serie_2,1384.0
2015-06-12,serie_1,3507.0
2015-06-12,serie_2,1132.0
2015-06-13,serie_1,2528.0
2015-06-13,serie_2,862.0
2015-06-14,serie_1,3476.0
2015-06-14,serie_2,1192.0
2015-06-15,serie_1,4684.0
2015-06-15,serie_2,1641.0
2015-06-16,serie_1,4289.0
2015-06-16,serie_2,1502.0
2015-06-17,serie_1,4241.0
2015-06-17,serie_2,1544.0
2015-06-18,serie_1,4131.0
2015-06-18,serie_2,1508.0
2015-06-19,serie_1,3750.0
2015-06-19,serie_2,1320.0
2015-06-20,serie_1,2912.0
2015-06-20,serie_2,1025.0
2015-06-21,serie_1,3435.0
2015-06-21,serie_2,1249.0
2015-06-22,serie_1,4733.0
2015-06-22,serie_2,1730.0
2015-06-23,serie_1,4276.0
2015-06-23,serie_2,1615.0
2015-06-24,serie_1,4312.0
2015-06-24,serie_2,1555.0
2015-06-25,serie_1,4278.0
2015-06-25,serie_2,1666.0
2015-06-26,serie_1,3533.0
2015-06-26,serie_2,1302.0
2015-06-27,serie_1,2731.0
2015-06-27,serie_2,893.0
2015-06-28,serie_1,3394.0
2015-06-28,serie_2,1323.0
2015-06-29,serie_1,5331.0
2015-06-29,serie_2,1923.0
2015-06-30,serie_1,5783.0
2015-06-30,serie_2,1769.0
2015-07-01,serie_1,4808.0
2015-07-01,serie_2,1610.0
2015-07-02,serie_1,5350.0
2015-07-02,serie_2,1538.0
2015-07-03,serie_1,4283.0
2015-07-03,serie_2,1210.0
2015-07-04,serie_1,3390.0
2015-07-04,serie_2,1027.0
2015-07-05,serie_1,5247.0
2015-07-05,serie_2,1649.0
2015-07-06,serie_1,6080.0
2015-07-06,serie_2,1732.0
2015-07-07,serie_1,4732.0
2015-07-07,serie_2,1551.0
2015-07-08,serie_1,5096.0
2015-07-08,serie_2,1617.0
2015-07-09,serie_1,5191.0
2015-07-09,serie_2,1600.0
2015-07-10,serie_1,4290.0
2015-07-10,serie_2,1344.0
2015-07-11,serie_1,2846.0
2015-07-11,serie_2,907.0
2015-07-12,serie_1,3904.0
2015-07-12,serie_2,1334.0
2015-07-13,serie_1,5242.0
2015-07-13,serie_2,1820.0
2015-07-14,serie_1,5061.0
2015-07-14,serie_2,1724.0
2015-07-15,serie_1,4772.0
2015-07-15,serie_2,1655.0
2015-07-16,serie_1,4543.0
2015-07-16,serie_2,1518.0
2015-07-17,serie_1,3512.0
2015-07-17,serie_2,1135.0
2015-07-18,serie_1,2695.0
2015-07-18,serie_2,898.0
2015-07-19,serie_1,3903.0
2015-07-19,serie_2,1417.0
2015-07-20,serie_1,5201.0
2015-07-20,serie_2,1785.0
2015-07-21,serie_1,4467.0
2015-07-21,serie_2,1469.0
2015-07-22,serie_1,3978.0
2015-07-22,serie_2,1279.0
2015-07-23,serie_1,4191.0
2015-07-23,serie_2,1423.0
2015-07-24,serie_1,3610.0
2015-07-24,serie_2,1222.0
2015-07-25,serie_1,2804.0
2015-07-25,serie_2,1035.0
2015-07-26,serie_1,3863.0
2015-07-26,serie_2,1369.0
2015-07-27,serie_1,4745.0
2015-07-27,serie_2,1546.0
2015-07-28,serie_1,5052.0
2015-07-28,serie_2,1706.0
2015-07-29,serie_1,4776.0
2015-07-29,serie_2,1569.0
2015-07-30,serie_1,5005.0
2015-07-30,serie_2,1675.0
2015-07-31,serie_1,4266.0
2015-07-31,serie_2,1444.0
2015-08-01,serie_1,3358.0
2015-08-01,serie_2,1111.0
2015-08-02,serie_1,3942.0
2015-08-02,serie_2,1301.0
2015-08-03,serie_1,5453.0
2015-08-03,serie_2,1866.0
2015-08-04,serie_1,4764.0
2015-08-04,serie_2,1489.0
2015-08-05,serie_1,4793.0
2015-08-05,serie_2,1609.0
2015-08-06,serie_1,4510.0
2015-08-06,serie_2,1569.0
2015-08-07,serie_1,3961.0
2015-08-07,serie_2,1275.0
2015-08-08,serie_1,2691.0
2015-08-08,serie_2,849.0
2015-08-09,serie_1,3164.0
2015-08-09,serie_2,1161.0
2015-08-10,serie_1,5015.0
2015-08-10,serie_2,1623.0
2015-08-11,serie_1,4805.0
2015-08-11,serie_2,1529.0
2015-08-12,serie_1,4616.0
2015-08-12,serie_2,1449.0
2015-08-13,serie_1,4620.0
2015-08-13,serie_2,1442.0
2015-08-14,serie_1,3783.0
2015-08-14,serie_2,1209.0
2015-08-15,serie_1,2799.0
2015-08-15,serie_2,825.0
2015-08-16,serie_1,4040.0
2015-08-16,serie_2,1280.0
2015-08-17,serie_1,5612.0
2015-08-17,serie_2,1677.0
2015-08-18,serie_1,5356.0
2015-08-18,serie_2,1656.0
2015-08-19,serie_1,4817.0
2015-08-19,serie_2,1550.0
2015-08-20,serie_1,4535.0
2015-08-20,serie_2,1442.0
2015-08-21,serie_1,4081.0
2015-08-21,serie_2,1297.0
2015-08-22,serie_1,3274.0
2015-08-22,serie_2,1021.0
2015-08-23,serie_1,4141.0
2015-08-23,serie_2,1278.0
2015-08-24,serie_1,5769.0
2015-08-24,serie_2,1847.0
2015-08-25,serie_1,5542.0
2015-08-25,serie_2,1794.0
2015-08-26,serie_1,5650.0
2015-08-26,serie_2,1764.0
2015-08-27,serie_1,5564.0
2015-08-27,serie_2,1738.0
2015-08-28,serie_1,4832.0
2015-08-28,serie_2,1435.0
2015-08-29,serie_1,3493.0
2015-08-29,serie_2,1024.0
2015-08-30,serie_1,4513.0
2015-08-30,serie_2,1436.0
2015-08-31,serie_1,6589.0
2015-08-31,serie_2,2100.0
2015-09-01,serie_1,5882.0
2015-09-01,serie_2,1770.0
2015-09-02,serie_1,5722.0
2015-09-02,serie_2,1796.0
2015-09-03,serie_1,5594.0
2015-09-03,serie_2,1722.0
2015-09-04,serie_1,4779.0
2015-09-04,serie_2,1429.0
2015-09-05,serie_1,3219.0
2015-09-05,serie_2,966.0
2015-09-06,serie_1,4552.0
2015-09-06,serie_2,1433.0
2015-09-07,serie_1,6251.0
2015-09-07,serie_2,1923.0
2015-09-08,serie_1,5315.0
2015-09-08,serie_2,1658.0
2015-09-09,serie_1,5149.0
2015-09-09,serie_2,1507.0
2015-09-10,serie_1,4955.0
2015-09-10,serie_2,1570.0
2015-09-11,serie_1,4398.0
2015-09-11,serie_2,1302.0
2015-09-12,serie_1,3059.0
2015-09-12,serie_2,914.0
2015-09-13,serie_1,4211.0
2015-09-13,serie_2,1322.0
2015-09-14,serie_1,5516.0
2015-09-14,serie_2,1692.0
2015-09-15,serie_1,5013.0
2015-09-15,serie_2,1543.0
2015-09-16,serie_1,5037.0
2015-09-16,serie_2,1528.0
2015-09-17,serie_1,4957.0
2015-09-17,serie_2,1535.0
2015-09-18,serie_1,4371.0
2015-09-18,serie_2,1260.0
2015-09-19,serie_1,3301.0
2015-09-19,serie_2,942.0
2015-09-20,serie_1,4118.0
2015-09-20,serie_2,1296.0
2015-09-21,serie_1,5608.0
2015-09-21,serie_2,1686.0
2015-09-22,serie_1,4913.0
2015-09-22,serie_2,1459.0
2015-09-23,serie_1,5154.0
2015-09-23,serie_2,1490.0
2015-09-24,serie_1,5168.0
2015-09-24,serie_2,1701.0
2015-09-25,serie_1,4581.0
2015-09-25,serie_2,1309.0
2015-09-26,serie_1,3584.0
2015-09-26,serie_2,964.0
2015-09-27,serie_1,4021.0
2015-09-27,serie_2,1291.0
2015-09-28,serie_1,5799.0
2015-09-28,serie_2,1631.0
2015-09-29,serie_1,5170.0
2015-09-29,serie_2,1559.0
2015-09-30,serie_1,5451.0
2015-09-30,serie_2,1566.0
2015-10-01,serie_1,5284.0
2015-10-01,serie_2,1501.0
2015-10-02,serie_1,4420.0
2015-10-02,serie_2,1308.0
2015-10-03,serie_1,3394.0
2015-10-03,serie_2,919.0
2015-10-04,serie_1,4109.0
2015-10-04,serie_2,1220.0
2015-10-05,serie_1,5810.0
2015-10-05,serie_2,1665.0
2015-10-06,serie_1,5314.0
2015-10-06,serie_2,1572.0
2015-10-07,serie_1,5275.0
2015-10-07,serie_2,1573.0
2015-10-08,serie_1,5356.0
2015-10-08,serie_2,1512.0
2015-10-09,serie_1,4515.0
2015-10-09,serie_2,1339.0
2015-10-10,serie_1,3169.0
2015-10-10,serie_2,1024.0
2015-10-11,serie_1,4180.0
2015-10-11,serie_2,1214.0
2015-10-12,serie_1,5874.0
2015-10-12,serie_2,1811.0
2015-10-13,serie_1,5068.0
2015-10-13,serie_2,1532.0
2015-10-14,serie_1,5122.0
2015-10-14,serie_2,1510.0
2015-10-15,serie_1,4958.0
2015-10-15,serie_2,1498.0
2015-10-16,serie_1,4343.0
2015-10-16,serie_2,1254.0
2015-10-17,serie_1,3078.0
2015-10-17,serie_2,867.0
2015-10-18,serie_1,4102.0
2015-10-18,serie_2,1241.0
2015-10-19,serie_1,5531.0
2015-10-19,serie_2,1618.0
2015-10-20,serie_1,4724.0
2015-10-20,serie_2,1378.0
2015-10-21,serie_1,4980.0
2015-10-21,serie_2,1465.0
2015-10-22,serie_1,4974.0
2015-10-22,serie_2,1399.0
2015-10-23,serie_1,4359.0
2015-10-23,serie_2,1275.0
2015-10-24,serie_1,3419.0
2015-10-24,serie_2,913.0
2015-10-25,serie_1,4003.0
2015-10-25,serie_2,1137.0
2015-10-26,serie_1,5478.0
2015-10-26,serie_2,1633.0
2015-10-27,serie_1,4842.0
2015-10-27,serie_2,1440.0
2015-10-28,serie_1,5216.0
2015-10-28,serie_2,1529.0
2015-10-29,serie_1,5053.0
2015-10-29,serie_2,1514.0
2015-10-30,serie_1,4514.0
2015-10-30,serie_2,1341.0
2015-10-31,serie_1,3575.0
2015-10-31,serie_2,1015.0
2015-11-01,serie_1,3993.0
2015-11-01,serie_2,1217.0
2015-11-02,serie_1,5626.0
2015-11-02,serie_2,1669.0
2015-11-03,serie_1,5271.0
2015-11-03,serie_2,1570.0
2015-11-04,serie_1,5303.0
2015-11-04,serie_2,1535.0
2015-11-05,serie_1,5179.0
2015-11-05,serie_2,1551.0
2015-11-06,serie_1,4762.0
2015-11-06,serie_2,1516.0
2015-11-07,serie_1,3571.0
2015-11-07,serie_2,1120.0
2015-11-08,serie_1,4331.0
2015-11-08,serie_2,1265.0
2015-11-09,serie_1,6291.0
2015-11-09,serie_2,1807.0
2015-11-10,serie_1,5326.0
2015-11-10,serie_2,1692.0
2015-11-11,serie_1,4784.0
2015-11-11,serie_2,1510.0
2015-11-12,serie_1,5199.0
2015-11-12,serie_2,1564.0
2015-11-13,serie_1,4804.0
2015-11-13,serie_2,1364.0
2015-11-14,serie_1,4011.0
2015-11-14,serie_2,922.0
2015-11-15,serie_1,4450.0
2015-11-15,serie_2,1292.0
